{"cameraMode":{"drawMode":0,"name":"Shaded","section":"Shading Mode"},"sceneLighting":true,"audioPlay":false,"sceneViewState":{"m_AlwaysRefresh":false,"showFog":true,"showSkybox":true,"showFlares":true,"showImageEffects":true,"showParticleSystems":true,"showVisualEffectGraphs":true,"m_FxEnabled":true},"in2DMode":false,"pivot":{"x":13.104545593261719,"y":-6.848833084106445,"z":14.084155082702637},"rotation":{"x":0.20305758714675904,"y":0.585464358329773,"z":-0.15449309349060059,"w":0.7695037722587586},"size":20.432533264160158,"orthographic":false}