{"cameraMode":{"drawMode":0,"name":"Shaded","section":"Shading Mode"},"sceneLighting":true,"audioPlay":false,"sceneViewState":{"m_AlwaysRefresh":false,"showFog":true,"showSkybox":true,"showFlares":true,"showImageEffects":true,"showParticleSystems":true,"showVisualEffectGraphs":true,"m_FxEnabled":true},"in2DMode":false,"pivot":{"x":-1.8749175071716309,"y":17.415956497192384,"z":8.151960372924805},"rotation":{"x":0.21101349592208863,"y":0.17102420330047608,"z":-0.03752666711807251,"w":0.961674153804779},"size":0.007308335974812508,"orthographic":false}